Time,PJM_AP,PJM_ATSI,PJM_COMD,PJM_Dom,PJM_EMAC,PJM_PENE,PJM_SMAC,PJM_WMAC,PJM_West,system_load
5653,8100.40216224328,12874.3407767658,18900.5737141482,17612.5198490281,31803.7036479418,2879.73568229018,12844.9323366454,10069.2607589929,35665.8300059562,150751.29893401187
